1006;MONITOR 19" HAYOM MO6001 PROMOÇÃO;Monitor;285,00;1;Monitor 19" MO6001;Hayom;sim;monitor-hayom-19-mo6001.webp
400772;MONITOR 21.5 PHILIPS LED FULL HD 221V8 WVA HDMI;Monitor;825,00;1;Monitor 21,5" Full HD 221V8 WVA HDMI;Philips;nao;monitor-philips-215-fullhd-221v8.webp
1117;MONITOR 15,4 HAYOM MO 6006;Monitor;300,00;1;Monitor 15,4" MO6006;Hayom;nao;monitor-hayom-154-mo6006.webp
1115;MONITOR 17,1 HAYOM MO6004;Monitor;330,00;1;Monitor 17,1" MO6004;Hayom;nao;monitor-hayom-171-mo6004.webp
1617;MONITOR 21,5 GBT LED HDMI E VGA GBT-M218;Monitor;312,00;1;Monitor 21,5" GBT-M218 HDMI/VGA;GBT;nao;monitor-gbt-215-hdmi-vga-m218.webp
1618;MONITOR 23,5 GBT LED HDMI VGA GBT-M218;Monitor;410,88;1;Monitor 23,5" GBT-M218 HDMI/VGA;GBT;nao;monitor-gbt-235-hdmi-vga-m218.webp
1932;MONITOR 32 SAMSUNG GAMER QHD LS32CG55 ODYSSEY;Monitor;1.650,00;1;Monitor gamer 32" QHD LS32CG55 Odyssey;Samsung;nao;monitor-samsung-32-gamer-qhd-odyssey.webp
1633;MONITOR 24" DX 1K 165HZ CURVO ALT FALANT 3W HDMI;Monitor;955,00;1;Monitor curvo 24" 1K 165Hz c/ alto-falante;DX;nao;monitor-dx-24-curvo-165hz-speaker.webp
1634;MONITOR 27 DX 165HZ SPEKER ALTFALANTE IPS BOX;Monitor;1.050,00;1;Monitor 27" IPS 165Hz c/ alto-falante;DX;nao;monitor-dx-27-ips-165hz-speaker.webp
401115;MONITOR 18,5 AOC LED E970SWNHL HDMI;Monitor;563,00;1;Monitor 18,5" E970SWNHL HDMI;AOC;nao;monitor-aoc-185-led-e970swnhl.webp
400759;MONITOR 21.5 LED SAMSUNG LS22F350FHLMZD;Monitor;1.168,00;1;Monitor 21,5" LS22F350FHLMZD;Samsung;nao;monitor-samsung-215-led-ls22f350fhlmzd.webp
